occupation_id,noc_code,occupation,outlook_rating,outlook_score,education_required,experience_required,wage_low,wage_median,wage_high,brief_description,is_ai_adjacent,avg_annual_openings,avg_annual_seekers,avg_demand_supply_ratio,years_with_gap
1,94101,Foundry workers,,,,,,,,,0,19.643836005345616,-0.47487966103225415,42.09208181818181,11
2,75100,Longshore workers,,,,,,,,,0,21.075188722557424,-0.38121042760328794,30.494909090909086,11
3,75210,Boat and cable ferry operators and related occupations,,,,,,,,,0,21.598908044134415,1.696055729884494,30.45492727272727,11
4,21230,Computer systems developers and programmers,,,,,,,,,0,1075.8010492734084,59.07441279578918,21.39471818181818,10
5,72603,"Engineer officers, water transport",,,,,,,,,0,20.97516582398461,-0.30873752022706213,17.1541,11
6,64322,Outdoor sport and recreational guides,,,,,,,,,0,51.09944640474742,5.351831364189727,16.996254545454544,11
7,72501,Water well drillers,,,,,,,,,0,21.791579202859452,2.2642310367005924,14.575263636363637,11
8,32102,Paramedical occupations,,,,,,,,,0,678.6231060796327,90.62917154628586,13.535972727272725,11
9,72601,Air traffic controllers and related occupations,,,,,,,,,0,82.89701916698495,10.874410640096539,11.374663636363637,10
10,94133,"Inspectors and graders, textile, fabric, fur and leather products manufacturing",,,,,,,,,0,18.84511315906518,0.7265286940722403,11.065781818181819,11
11,74202,Air transport ramp attendants,,,,,,,,,0,98.48331758877345,13.879494634515869,10.785936363636363,10
12,72405,Machine fitters,,,,,,,,,0,23.510202749877543,3.035591231420547,10.402645454545453,11
13,93100,"Central control and process operators, mineral and metal processing",,,,,,,,,0,25.16051441021906,3.2877830395381853,10.134463636363636,11
14,94153,Photographic and film processors,,,,,,,,,0,20.9645996460591,2.82530015975004,10.001036363636365,11
15,75211,Railway and motor transport labourers,,,,,,,,,0,72.91373574898431,10.585781552330973,9.952163636363636,11
16,92022,"Supervisors, furniture and fixtures manufacturing",,,,,,,,,0,25.80099707666576,-0.029537484808516853,9.170236363636365,11
17,22100,Chemical technologists and technicians,,,,,,,,,0,135.43958281132885,22.858577615488656,8.636145454545455,11
18,32110,Denturists,,,,,,,,,0,55.25600492293899,8.319219892486952,8.6305,11
19,82030,Agricultural service contractors and farm supervisors,,,,,,,,,0,37.72021763216438,6.580082374785513,8.294518181818182,11
20,32129,Other medical technologists and technicians,,,,,,,,,0,44.65660227028161,6.89507100123839,7.9761,11
21,72429,Other small engine and small equipment repairers,,,,,,,,,0,32.033827928756935,5.118995768954672,7.878781818181818,11
22,72011,"Contractors and supervisors, electrical trades and telecommunications occupations",,,,,,,,,0,343.27540338165477,57.10600017923352,7.86469090909091,11
23,72403,Railway carmen/women,,,,,,,,,0,44.39585074607454,7.187325254054633,7.853018181818182,10
24,32209,Other practitioners of natural healing,,,,,,,,,0,92.79168169609547,14.580801421983638,7.849963636363636,11
25,72406,Elevator constructors and mechanics,,,,,,,,,0,68.17703729935516,11.72716208183857,7.490045454545455,11
26,74201,Water transport deck and engine room crew,,,,,,,,,0,21.729981831187306,3.6126479788432833,7.202236363636363,11
27,64321,Casino workers,,,,,,,,,0,72.95673856623215,12.116060549214525,6.790918181818182,11
28,32121,Medical radiation technologists,,,,,,,,,0,347.95435960806776,64.31767294406802,6.630454545454546,11
29,21233,Web designers,,,,,,,,,0,245.17592845478555,44.86809190017437,6.566609090909091,10
30,21109,Other professional occupations in physical sciences,,,,,,,,,0,24.727310283391645,4.467867628384587,6.125236363636364,11
31,41310,Police investigators and other investigative occupations,,,,,,,,,0,58.23598520735179,11.731987984347912,5.800772727272727,11
32,83121,Fishermen/women,,,,,,,,,0,21.395677323702643,0.2441101459068826,5.714681818181818,11
33,64101,Sales and account representatives - wholesale trade (non-technical),,,,,,,,,0,670.5491954923162,160.6756330105863,5.705563636363636,11
34,94122,Paper converting machine operators,,,,,,,,,0,21.001880318257534,3.9775018680297225,5.664872727272727,11
35,94111,Plastics processing machine operators,,,,,,,,,0,47.52294824138592,16.695552374597884,5.2436727272727275,7
36,72204,Telecommunications line and cable installers and repairers,,,,,,,,,0,117.77406588826939,25.450972561162136,5.153172727272727,11
37,72025,"Supervisors, mail and message distribution occupations",,,,,,,,,0,96.16673243281434,20.981587329059348,4.9203636363636365,11
38,72105,Ironworkers,,,,,,,,,0,137.8786514653799,31.974231596652245,4.8267727272727265,11
39,72023,"Supervisors, railway transport operations",,,,,,,,,0,28.343203860632094,6.558004649586008,4.814618181818182,11
40,22213,Land survey technologists and technicians,,,,,,,,,0,50.880635830893766,11.439030350209292,4.7873,11
41,94203,"Assemblers, fabricators and inspectors, industrial electrical motors and transformers",,,,,,,,,0,26.440691803820176,6.305740216148174,4.7390727272727275,11
42,21390,Aerospace engineers,,,,,,,,,0,29.55134958280289,6.705100656140346,4.698781818181818,11
43,32200,Traditional Chinese medicine practitioners and acupuncturists,,,,,,,,,0,96.57471990493723,23.345303744565715,4.530936363636363,11
44,72402,"Heating, refrigeration and air conditioning mechanics",,,,,,,,,0,288.9099289298889,70.89811770504424,4.520409090909091,11
45,21223,Database analysts and data administrators,Hot,3.0,2 years post-secondary,1-3 years preferred,26.78,43.1,80.63,"Design, develop, and maintain DBMS.",1,390.4975743769044,98.87763264293734,4.497854545454545,11
46,14405,Transportation route and crew schedulers,,,,,,,,,0,44.341491305776195,10.600392311069426,4.4404272727272724,11
47,51102,Archivists,,,,,,,,,0,26.384436152092167,6.571701716109109,4.283954545454545,11
48,64320,Tour and travel guides,,,,,,,,,0,31.327262513616905,8.024730339135875,4.169163636363636,11
49,82031,"Contractors and supervisors, landscaping, grounds maintenance and horticulture services",,,,,,,,,0,293.1228515921622,74.87548412963015,4.117981818181819,11
50,32111,Dental hygienists and dental therapists,,,,,,,,,0,347.1726291745132,92.37780097688304,4.1132,11
51,13200,"Customs, ship and other brokers",,,,,,,,,0,27.025281785190316,7.034397488891739,4.037354545454545,11
52,42102,Specialized members of the Canadian Armed Forces,,,,,,,,,0,28.478001768085793,7.771630635957194,4.012163636363637,11
53,22222,Information systems testing technicians,,,,,,,,,0,66.27369821953566,17.67449600027516,3.953545454545455,11
54,74204,Utility maintenance workers,,,,,,,,,0,101.5844243683493,29.04415823442147,3.878063636363636,11
55,31203,Occupational therapists,,,,,,,,,0,238.1836549789926,69.42465374098403,3.7254363636363634,11
56,21201,Landscape architects,,,,,,,,,0,37.57329290830411,10.654841615201503,3.6587090909090914,11
57,72012,"Contractors and supervisors, pipefitting trades",,,,,,,,,0,131.3680568737001,38.69915485312206,3.6439090909090908,11
58,94205,"Machine operators and inspectors, electrical apparatus manufacturing",,,,,,,,,0,22.097933171044783,6.412752116127489,3.599990909090909,11
59,94130,"Textile fibre and yarn, hide and pelt processing machine operators and workers",,,,,,,,,0,22.051440580019257,6.438637203609559,3.5494727272727276,11
60,31300,Nursing coordinators and supervisors,,,,,,,,,0,139.4456074504768,42.88141902199174,3.4538454545454544,11
61,31202,Physiotherapists,,,,,,,,,0,371.6590672954959,115.73095044629741,3.420972727272727,11
62,21100,Physicists and astronomers,,,,,,,,,0,31.713579520598714,9.724913983122718,3.3897636363636363,11
63,92024,"Supervisors, other products manufacturing and assembly",,,,,,,,,0,33.29188781576386,10.218773814787825,3.387372727272727,11
64,13112,Medical administrative assistants,,,,,,,,,0,459.8260537084063,143.95942258605393,3.3678636363636367,11
65,72101,Tool and die makers,,,,,,,,,0,27.190958234069566,8.444603549475426,3.362172727272727,11
66,84111,Silviculture and forestry workers,,,,,,,,,0,49.196055770947694,15.289915235351863,3.3201181818181813,11
67,82021,"Contractors and supervisors, oil and gas drilling and services",,,,,,,,,0,483.27787051845786,172.08555576706786,3.3096636363636365,10
68,85103,Nursery and greenhouse labourers,,,,,,,,,0,80.66280608660465,25.188177032710485,3.256327272727273,11
69,92021,"Supervisors, electronics and electrical products manufacturing",,,,,,,,,0,26.910349096575395,8.730039106661552,3.2419181818181824,11
70,72103,Boilermakers,,,,,,,,,0,62.68411711746258,20.12849614100283,3.2210727272727273,11
71,11109,Other financial officers,,,,,,,,,0,206.86755734066082,67.28138807910331,3.157190909090909,11
72,41301,Therapists in counselling and related specialized therapies,,,,,,,,,0,483.35698856063027,158.8913436183343,3.1568818181818186,11
73,11103,"Securities agents, investment dealers and brokers",,,,,,,,,0,141.3130265329637,45.91964869793544,3.1478454545454544,11
74,85111,"Oil and gas drilling, servicing and related labourers",,,,,,,,,0,168.76400400211756,57.3650750563741,3.145363636363636,10
75,40040,Commissioned police officers and related occupations in public protection services,,,,,,,,,0,27.395098179434342,9.168373773905591,3.1392545454545453,11
76,32122,Medical sonographers,,,,,,,,,0,109.58577926418515,37.26721924161726,3.102509090909091,11
77,65211,"Operators and attendants in amusement, recreation and sport",,,,,,,,,0,274.47527554997833,90.61419462126825,3.1007636363636366,11
78,31302,Nurse practitioners,,,,,,,,,0,64.43563623775366,23.769063934569452,2.8490818181818183,11
79,31303,"Physician assistants, midwives and allied health professionals",,,,,,,,,0,28.635624391937878,10.72780255102666,2.8299636363636362,10
80,33101,Medical laboratory assistants and related technical occupations,,,,,,,,,0,337.1486728869881,124.75973437956335,2.7978454545454543,11
81,94151,"Camera, platemaking and other prepress occupations",,,,,,,,,0,20.938483911929662,7.6959933695604965,2.7859454545454545,11
82,32101,Licensed practical nurses,,,,,,,,,0,1035.9231776972845,389.593803967927,2.760418181818182,11
83,33100,Dental assistants and dental laboratory assistants,,,,,,,,,0,448.3937147673629,171.34247366049712,2.735,11
84,92010,"Supervisors, mineral and metal processing",,,,,,,,,0,54.722183909737986,21.005469919005872,2.6935454545454545,11
85,94107,Machine operators of other metal products,,,,,,,,,0,23.251957250797982,8.926055501667422,2.6806727272727273,11
86,12111,Health information management occupations,,,,,,,,,0,56.64022493649725,21.91701231857719,2.661872727272727,11
87,51121,"Conductors, composers and arrangers",,,,,,,,,0,50.3075496992727,19.572989988186706,2.6294454545454546,11
88,53100,"Registrars, restorers, interpreters and other occupations related to museum and art galleries",,,,,,,,,0,65.6386113330244,25.67369842733392,2.612463636363636,11
89,95105,Labourers in textile processing and cutting,,,,,,,,,0,27.993426319935313,10.967229492567618,2.6048454545454542,11
90,94104,"Inspectors and testers, mineral and metal processing",,,,,,,,,0,27.514128583373136,10.8574721913125,2.5926181818181817,11
91,85100,Livestock labourers,,,,,,,,,0,191.0922622589832,73.50463753433208,2.5537636363636365,11
92,73202,Pest controllers and fumigators,,,,,,,,,0,47.20569682117213,19.04432745020624,2.5447454545454544,11
93,21234,Web developers and programmers,,,,,,,,,0,537.8129381628383,223.92247404475586,2.484672727272727,10
94,32123,Cardiology technologists and electrophysiological diagnostic technologists,,,,,,,,,0,33.62923536029087,14.287113079988423,2.476945454545455,10
95,94131,"Weavers, knitters and other fabric making occupations",,,,,,,,,0,29.327202047782603,12.150010935896846,2.453990909090909,11
96,31111,Optometrists,,,,,,,,,0,70.43261891976162,30.22534819762527,2.4402090909090908,11
97,94121,"Pulp mill, papermaking and finishing machine operators",,,,,,,,,0,38.60174878834768,15.434611793198904,2.419472727272727,10
98,72013,"Contractors and supervisors, carpentry trades",,,,,,,,,0,250.61776261039012,15.673576300266365,2.4139090909090912,11
99,22233,Construction inspectors,,,,,,,,,0,227.3244188162437,95.8659662242528,2.3851818181818185,11
100,85120,Logging and forestry labourers,,,,,,,,,0,29.32945081194896,1.066628711350775,2.3643181818181813,11
101,72320,Bricklayers,,,,,,,,,0,86.31223755603102,37.34826660520496,2.3490454545454544,11
102,40012,Government managers - education policy development and program administration,,,,,,,,,0,35.452685875259625,15.621453631716134,2.328209090909091,11
103,55109,Other performers,,,,,,,,,0,59.136436117384854,26.09397745292358,2.321727272727273,11
104,94124,Woodworking machine operators,,,,,,,,,0,28.571223833996363,12.258975491762886,2.300309090909091,11
105,95103,"Labourers in wood, pulp and paper processing",,,,,,,,,0,75.00233457308158,31.337716065697517,2.2989363636363636,11
106,12012,"Supervisors, library, correspondence and related information workers",,,,,,,,,0,44.61441507320369,19.834665725217153,2.2908090909090912,11
107,72300,Plumbers,,,,,,,,,0,533.475869371782,237.70818566443558,2.287827272727273,11
108,10030,Telecommunication carriers managers,,,,,,,,,0,108.3388998272332,48.84766907339009,2.245654545454545,11
109,94123,Lumber graders and other wood processing inspectors and graders,,,,,,,,,0,24.343182253208656,11.168807016101214,2.228863636363636,11
110,32109,Other technical occupations in therapy and assessment,,,,,,,,,0,258.00719884845734,120.10109892709215,2.2116272727272728,11
111,94102,Glass forming and finishing machine operators and glass cutters,,,,,,,,,0,24.223041758961582,11.214832973580506,2.1972,11
112,64300,Maîtres d'hôtel and hosts/hostesses,,,,,,,,,0,201.87909901463902,93.18362256767908,2.1305,11
113,41311,Probation and parole officers,,,,,,,,,0,71.49240759127404,34.01808454039977,2.1218545454545454,11
114,41321,Career development practitioners and career counsellors (except education),,,,,,,,,0,123.75824661369475,59.96249286436717,2.121072727272727,11
115,72202,Power system electricians,,,,,,,,,0,56.82440240262375,28.166276457404646,2.1170363636363634,10
116,21330,Mining engineers,,,,,,,,,0,57.24311436983976,28.733827522345788,2.1086636363636364,10
117,84110,Chain saw and skidder operators,,,,,,,,,0,31.61684228295445,15.649505645143961,2.0926727272727272,11
118,72205,Telecommunications equipment installation and cable television service technicians,,,,,,,,,0,165.40463935821407,79.79050837178683,2.086381818181818,11
119,72422,Electrical mechanics,,,,,,,,,0,33.533407908549755,16.684004670570122,2.077036363636364,10
120,64201,"Image, social and other personal consultants",,,,,,,,,0,40.180227249249384,20.159721712171436,2.0671545454545455,10
121,72200,Electricians (except industrial and power system),,,,,,,,,0,918.8534026915007,451.25448689919705,2.0652363636363638,11
122,11201,Professional occupations in business management consulting,,,,,,,,,0,833.4909187960488,414.8578562546891,2.009909090909091,11
123,72301,"Steamfitters, pipefitters and sprinkler system installers",,,,,,,,,0,326.0700399798853,165.88114767536132,2.0001363636363636,11
124,72010,"Contractors and supervisors, machining, metal forming, shaping and erecting trades and related occupations",,,,,,,,,0,135.6995651761762,68.89077857570716,1.9806,11
125,22232,Occupational health and safety specialists,,,,,,,,,0,291.1005122564827,148.68838458463776,1.9695181818181817,11
126,21222,Information systems specialists,,,,,,,,,0,1660.5407001079848,866.2247202583977,1.9477727272727272,10
127,31121,Dietitians and nutritionists,,,,,,,,,0,140.40053473996147,73.33820849667849,1.942490909090909,11
128,53202,Sports officials and referees,,,,,,,,,0,39.67695715525413,20.825679508388728,1.9333545454545453,10
129,94152,Binding and finishing machine operators,,,,,,,,,0,30.58130500782827,15.731994225456537,1.9147999999999998,11
130,72423,"Motorcycle, all-terrain vehicle and other related mechanics",,,,,,,,,0,48.32434570075448,26.292055052667777,1.9076454545454544,11
131,21203,Land surveyors,,,,,,,,,0,105.4792213158088,56.16594260732984,1.8889454545454547,11
132,94129,Other wood processing machine operators,,,,,,,,,0,24.24400273512016,12.892790285371849,1.888881818181818,11
133,21232,Software developers and programmers,,,,,,,,,0,872.857847430123,471.6347036545367,1.8880454545454546,11
134,92013,"Supervisors, plastic and rubber products manufacturing",,,,,,,,,0,28.09086878350943,15.323908836510299,1.8753636363636361,10
135,33109,Other assisting occupations in support of health services,,,,,,,,,0,375.6947711405091,205.9173085813806,1.8490727272727272,11
136,72302,Gas fitters,,,,,,,,,0,57.643055252439005,32.44871617829657,1.8473090909090908,10
137,32112,Dental technologists and technicians,,,,,,,,,0,48.697658908662405,26.71831133936159,1.8365363636363634,11
138,72404,Aircraft mechanics and aircraft inspectors,,,,,,,,,0,133.82555605251022,70.4557485476635,1.8362909090909092,10
139,72203,Electrical power line and cable workers,,,,,,,,,0,97.37040390197147,56.23659903072625,1.8305545454545453,9
140,31200,Psychologists,,,,,,,,,0,294.63413877300127,164.37868881706243,1.8196181818181818,11
141,94103,"Concrete, clay and stone forming operators",,,,,,,,,0,31.78384842873624,17.548849556754963,1.8159363636363637,11
142,72604,Railway traffic controllers and marine traffic regulators,,,,,,,,,0,36.70429187431571,20.88737793867767,1.813190909090909,11
143,72999,Other technical trades and related occupations,,,,,,,,,0,80.56215427372018,44.75850432331071,1.8018636363636362,11
144,32104,Animal health technologists and veterinary technicians,,,,,,,,,0,244.20759189644977,136.45516441163954,1.7981454545454545,11
145,72104,Structural metal and platework fabricators and fitters,,,,,,,,,0,43.10741848123973,24.728611633549463,1.7790272727272727,11
146,52112,Broadcast technicians,,,,,,,,,0,31.30464740627722,18.314609337833897,1.7540636363636362,10
147,30010,Managers in health care,,,,,,,,,0,345.97246370639004,200.19823256853599,1.7526272727272727,11
148,72201,Industrial electricians,,,,,,,,,0,240.37890461919335,138.73580988425044,1.7507272727272727,11
149,31201,Chiropractors,,,,,,,,,0,84.58428322044855,50.00985582739307,1.7354272727272728,11
150,21200,Architects,,,,,,,,,0,130.94239764183237,75.7386451031973,1.7295545454545453,11
151,72400,Construction millwrights and industrial mechanics,,,,,,,,,0,402.71099488719415,230.80512031555125,1.728281818181818,11
152,31301,Registered nurses and registered psychiatric nurses,,,,,,,,,0,3068.9351516713837,1810.6730878087137,1.7210181818181818,11
153,12110,"Court reporters, medical transcriptionists and related occupations",,,,,,,,,0,128.0196654543309,74.90211809904987,1.7158181818181817,11
154,64312,Airline ticket and service agents,,,,,,,,,0,116.90623066366221,67.58306453696383,1.713809090909091,10
155,41100,Judges,,,,,,,,,0,38.29445329287733,22.758401047904048,1.6968181818181818,11
156,44101,"Home support workers, caregivers and related occupations",,,,,,,,,0,476.26096645255234,283.20903545838456,1.6889181818181818,11
157,12112,Records management technicians,,,,,,,,,0,52.25990013727364,31.08493160328545,1.6886,11
158,85121,Landscaping and grounds maintenance labourers,,,,,,,,,0,715.8428194330089,424.9641593882921,1.6757909090909089,11
159,32103,"Respiratory therapists, clinical perfusionists and cardiopulmonary technologists",,,,,,,,,0,141.0946532946079,86.39408703312284,1.6669727272727273,11
160,72401,Heavy-duty equipment mechanics,,,,,,,,,0,660.5492487395824,399.0007084762172,1.6649272727272726,11
161,11202,"Professional occupations in advertising, marketing and public relations",,,,,,,,,0,907.899859052728,550.2059039741696,1.6536636363636363,11
162,72500,Crane operators,,,,,,,,,0,110.0142868224278,66.88696798969131,1.6472454545454547,11
163,33102,"Nurse aides, orderlies and patient service associates",,,,,,,,,0,2961.424976186441,1814.084754379859,1.6447818181818183,11
164,22113,Conservation and fishery officers,,,,,,,,,0,28.91753211670874,17.95115687598855,1.6355545454545455,10
165,53200,Athletes,,,,,,,,,0,45.319770072818365,28.539100907562666,1.624818181818182,10
166,53110,Photographers,,,,,,,,,0,197.01459437209317,122.02911706840378,1.6204999999999998,11
167,53111,"Motion pictures, broadcasting, photography and performing arts assistants and operators",,,,,,,,,0,45.695385704172715,28.923987850799218,1.6051363636363638,10
168,94112,Rubber processing machine operators and related workers,,,,,,,,,0,27.482741716352304,17.60108217027889,1.5851545454545457,10
169,32120,Medical laboratory technologists,,,,,,,,,0,195.1395134038714,125.73341021673087,1.5678818181818182,11
170,41403,"Social policy researchers, consultants and program officers",,,,,,,,,0,324.9595045589526,207.39629907877782,1.5616545454545454,11
171,62201,Funeral directors and embalmers,,,,,,,,,0,63.70452561584412,41.27715822469683,1.5588272727272725,11
172,11102,Financial advisors,,,,,,,,,0,714.4897432578359,460.1243256710735,1.5486545454545455,11
173,14201,"Banking, insurance and other financial clerks",,,,,,,,,0,77.52556649739482,50.01763409202799,1.5429000000000002,11
174,92012,"Supervisors, food and beverage processing",,,,,,,,,0,103.69947657365002,66.59186248885588,1.5392636363636363,11
175,53122,"Painters, sculptors and other visual artists",,,,,,,,,0,158.8177536366588,103.57234827728499,1.5268727272727274,11
176,41404,"Health policy researchers, consultants and program officers",,,,,,,,,0,275.47229802522816,182.15530032131917,1.5240181818181817,11
177,11101,Financial and investment analysts,,,,,,,,,0,264.2288749973624,173.69133121993815,1.5221272727272728,11
178,31103,Veterinarians,,,,,,,,,0,135.8083269200499,89.27067134945973,1.5215454545454548,11
179,14404,Dispatchers,,,,,,,,,0,230.48010332967453,150.87539913711797,1.5131272727272729,11
180,72421,Appliance servicers and repairers,,,,,,,,,0,42.96582631864812,29.363740752549162,1.4899636363636366,10
181,50011,"Managers - publishing, motion pictures, broadcasting and performing arts",,,,,,,,,0,86.56022423407636,58.73195124285055,1.4828545454545454,11
182,72102,Sheet metal workers,,,,,,,,,0,132.05798908263796,89.34130446154913,1.4793545454545454,11
183,21331,Geological engineers,,,,,,,,,0,72.89687715225536,50.09474271445476,1.4611636363636364,11
184,22230,Non-destructive testers and inspectors,,,,,,,,,0,154.07522986796118,104.9945295182297,1.4596454545454547,11
185,75101,Material handlers,,,,,,,,,0,1379.1082632559148,944.0929392944946,1.4505727272727273,11
186,31101,Specialists in surgery,,,,,,,,,0,123.23110720969318,84.8169823596974,1.449881818181818,11
187,75201,Delivery service drivers and door-to-door distributors,,,,,,,,,0,658.2089158628843,447.07573245053277,1.4407181818181818,11
188,12013,"Supervisors, supply chain, tracking and scheduling coordination occupations",,,,,,,,,0,313.81806465012363,220.88274845585494,1.4181454545454546,11
189,94204,Mechanical assemblers and inspectors,,,,,,,,,0,43.70470834639545,30.320690224137323,1.4148636363636362,10
190,72600,"Air pilots, flight engineers and flying instructors",,,,,,,,,0,160.10874225937798,112.7847470855787,1.4069181818181817,10
191,22302,Industrial engineering and manufacturing technologists and technicians,,,,,,,,,0,86.86059677662708,62.33042930940394,1.391081818181818,11
192,52111,Graphic arts technicians,,,,,,,,,0,37.96417330034322,27.803660715731407,1.3890545454545455,10
193,62202,"Jewellers, jewellery and watch repairers and related occupations",,,,,,,,,0,27.45611006183809,20.142772181917227,1.386590909090909,10
194,62029,Other services supervisors,,,,,,,,,0,168.90859286755725,121.26650770747791,1.3855818181818182,11
195,72014,"Contractors and supervisors, other construction trades, installers, repairers and servicers",,,,,,,,,0,515.9501381903675,373.02671744306537,1.382518181818182,10
196,32201,Massage therapists,,,,,,,,,0,438.46019622953247,322.1294503448887,1.377909090909091,11
197,31102,General practitioners and family physicians,,,,,,,,,0,537.4840167163054,394.4943848780609,1.3772,11
198,21220,Cybersecurity specialists,Balanced,2.0,2 years post-secondary,Certifications preferred,35.0,46.94,50.0,Detect and prevent security breaches.,1,89.23901635098511,65.56505895087189,1.3750181818181817,11
199,22312,Industrial instrument technicians and mechanics,,,,,,,,,0,191.5586516249615,139.72902068186715,1.3709181818181817,11
200,82010,"Supervisors, logging and forestry",,,,,,,,,0,70.35300169153699,51.79402877010307,1.3666909090909092,11
201,94201,"Electronics assemblers, fabricators, inspectors and testers",,,,,,,,,0,52.220191439848264,37.45541390909546,1.3655636363636363,9
202,14402,Production logistics workers,,,,,,,,,0,50.739252759744176,37.465507114252524,1.365409090909091,11
203,21321,Industrial and manufacturing engineers,,,,,,,,,0,150.6437634170679,110.87699733734566,1.361990909090909,11
204,11200,Human resources professionals,,,,,,,,,0,574.9279906779001,422.19956758250515,1.3605363636363637,11
205,22111,Agricultural and fish products inspectors,,,,,,,,,0,34.40895917271605,25.733466227758562,1.3538,10
206,41406,"Recreation, sports and fitness policy researchers, consultants and program officers",,,,,,,,,0,95.02309425520674,71.23318950682162,1.3400545454545456,11
207,74100,Mail and parcel sorters and related occupations,,,,,,,,,0,144.46619372264215,106.43622225941786,1.3287363636363636,10
208,42204,Religion workers,,,,,,,,,0,78.64014743339273,59.50689798189214,1.3247363636363636,11
209,42203,Instructors of persons with disabilities,,,,,,,,,0,55.19771364025586,42.66857828695706,1.3194636363636363,10
210,70021,Postal and courier services managers,,,,,,,,,0,41.32715374787374,31.946335529221315,1.3124,10
211,64401,Postal services representatives,,,,,,,,,0,67.19517676476798,51.04152250809988,1.3079181818181818,10
212,64311,Pursers and flight attendants,,,,,,,,,0,89.10943609840963,68.15607761534744,1.3067909090909091,10
213,22211,Industrial designers,,,,,,,,,0,51.79362078391382,40.107765496977784,1.2975636363636363,10
214,21210,"Mathematicians, statisticians and actuaries",,,,,,,,,0,45.50457400052704,35.422510089811574,1.2936272727272728,10
215,21332,Petroleum engineers,,,,,,,,,0,339.35421484822626,269.0033556333597,1.2899,10
216,10029,Other business services managers,,,,,,,,,0,195.56944127349036,152.42158176221054,1.2798272727272726,11
217,22303,Construction estimators,,,,,,,,,0,300.27682622172046,235.35055350697158,1.2728363636363638,11
218,63221,Upholsterers,,,,,,,,,0,37.40587877991147,29.76521205447126,1.2679,10
219,94211,Assemblers and inspectors of other wood products,,,,,,,,,0,45.578421461438936,35.14198150844418,1.2664636363636363,9
220,72411,"Auto body collision, refinishing and glass technicians and damage repair estimators",,,,,,,,,0,211.5931656410147,166.33905663367116,1.2624181818181819,11
221,65101,Service station attendants,,,,,,,,,0,37.29005345811299,31.61874809506329,1.2520363636363638,8
222,51101,Conservators and curators,,,,,,,,,0,29.478679489200854,23.91444631323866,1.2484363636363636,10
223,72410,"Automotive service technicians, truck and bus mechanics and mechanical repairers",,,,,,,,,0,879.1326899365816,700.3481625214555,1.2418272727272728,11
224,22212,Drafting technologists and technicians,,,,,,,,,0,289.3067399879654,232.0905837127317,1.2390727272727273,11
225,65220,Pet groomers and animal care workers,,,,,,,,,0,252.51180874162102,205.34295843580486,1.236690909090909,11
226,94106,Machining tool operators,,,,,,,,,0,33.624718290078036,27.074699239441387,1.2359545454545455,11
227,64301,Bartenders,,,,,,,,,0,191.25888116557573,152.40040740723637,1.2357454545454545,11
228,14110,Survey interviewers and statistical clerks,,,,,,,,,0,109.52594098044644,87.53837659447389,1.2329,5
229,13101,Property administrators,,,,,,,,,0,360.9258933934497,291.43287819303566,1.2306181818181818,11
230,94100,"Machine operators, mineral and metal processing",,,,,,,,,0,28.448178193589683,23.44035393655598,1.226018181818182,10
231,12113,Statistical officers and related research support occupations,,,,,,,,,0,39.12670047638118,32.25751203774326,1.2235636363636362,10
232,10021,"Banking, credit and other investment managers",,,,,,,,,0,436.55492409807715,357.00877129955853,1.2209,11
233,51113,Journalists,,,,,,,,,0,93.66671644768063,76.82626179484129,1.2193272727272728,11
234,72021,"Contractors and supervisors, heavy equipment operator crews",,,,,,,,,0,407.1026790496282,333.8137275826209,1.2154636363636364,10
235,41210,College and other vocational instructors,,,,,,,,,0,717.8850172602655,603.0860180240561,1.2141181818181819,10
236,40041,Fire chiefs and senior firefighting officers,,,,,,,,,0,38.53799373197343,32.356511069564945,1.2047272727272726,10
237,41300,Social workers,,,,,,,,,0,652.8027123606199,547.2603739340129,1.1943181818181818,11
238,74101,Letter carriers,,,,,,,,,0,209.94157466434024,174.25237320122082,1.1931272727272726,10
239,80021,Managers in horticulture,,,,,,,,,0,32.88356421902309,27.955440895102758,1.189481818181818,9
240,33103,Pharmacy technical assistants and pharmacy assistants,,,,,,,,,0,165.20764507800803,142.8437908589696,1.1892636363636364,7
241,22221,User support technicians,,,,,,,,,0,306.236748259634,256.49925135632384,1.1885090909090907,11
242,72321,Insulators,,,,,,,,,0,138.70069543269844,116.84500637948277,1.1878454545454546,10
243,22231,Engineering inspectors and regulatory officers,,,,,,,,,0,74.06493536878648,62.68848677458372,1.1843818181818182,11
244,22112,Forestry technologists and technicians,,,,,,,,,0,35.63210115729738,30.48164339263316,1.178090909090909,10
245,12011,"Supervisors, finance and insurance office workers",,,,,,,,,0,159.22682589776335,135.6202673716993,1.1764000000000001,11
246,94202,"Assemblers and inspectors, electrical appliance, apparatus and equipment manufacturing",,,,,,,,,0,52.10064305024746,43.63517065742196,1.1733727272727272,9
247,13,"Senior managers - health, education, social and community services and membership organizations",,,,,,,,,0,62.98366345313682,53.9456310881688,1.1720181818181816,10
248,14,"Senior managers - trade, broadcasting and other services",,,,,,,,,0,94.47650291832066,80.91930976235076,1.1720181818181816,10
249,12,"Senior managers - financial, communications and other business services",,,,,,,,,0,1202.987971954913,1030.3615537840237,1.1720181818181816,10
250,11,Senior government managers and officials,,,,,,,,,0,44.088564417195826,37.761941761718205,1.1720181818181816,10
251,15,"Senior managers - construction, transportation, production and utilities",,,,,,,,,0,25.1934653812547,21.578252435267494,1.1720181818181816,10
252,62021,Executive housekeepers,,,,,,,,,0,33.53236912573055,29.122199399743167,1.1684454545454546,10
253,22210,Architectural technologists and technicians,,,,,,,,,0,105.23007763147552,90.20431181215746,1.166490909090909,11
254,32124,Pharmacy technicians,,,,,,,,,0,116.76740414623823,102.5031851288919,1.1583727272727273,7
255,75200,Taxi and limousine drivers and chauffeurs,,,,,,,,,0,369.0120162581757,314.03897832686044,1.1579272727272727,9
256,95102,Labourers in chemical products processing and utilities,,,,,,,,,0,53.83825016733858,46.635080174751664,1.157,10
257,42202,Early childhood educators and assistants,,,,,,,,,0,1682.0584755712641,1470.4555770962804,1.1475545454545455,11
258,72106,Welders and related machine operators,,,,,,,,,0,629.85454970069,532.7624356769138,1.1423,6
259,11100,Financial auditors and accountants,,,,,,,,,0,1563.648641559382,1374.945484535409,1.1326272727272728,8
260,22300,Civil engineering technologists and technicians,,,,,,,,,0,196.35496417009773,174.21650972267165,1.1232181818181817,11
261,21111,Forestry professionals,,,,,,,,,0,38.90023547664265,34.804643737145355,1.122590909090909,10
262,22313,"Aircraft instrument, electrical and avionics mechanics, technicians and inspectors",,,,,,,,,0,39.39213031240269,35.930640036135806,1.1085818181818181,9
263,10020,"Insurance, real estate and financial brokerage managers",,,,,,,,,0,218.25082570396782,196.38901119600487,1.1067363636363636,11
264,72310,Carpenters,,,,,,,,,0,834.6224575035968,748.0374945083738,1.1025909090909092,6
265,12103,Conference and event planners,,,,,,,,,0,151.0366723902238,137.1798017230162,1.1024363636363637,10
266,10010,Financial managers,,,,,,,,,0,441.80611106558246,399.5972558149986,1.1022727272727273,10
267,12010,"Supervisors, general office and administrative support workers",,,,,,,,,0,208.09529250804582,189.1776851046793,1.1006636363636364,10
268,41302,Religious leaders,,,,,,,,,0,334.92047263055343,303.7118389688028,1.0973090909090908,7
269,14111,Data entry clerks,,,,,,,,,0,249.11768753529304,225.24230230049,1.091081818181818,5
270,74203,Automotive and heavy truck and equipment parts installers and servicers,,,,,,,,,0,131.07265980098498,120.42795741830012,1.0884272727272728,9
271,94210,"Furniture and fixture assemblers, finishers, refinishers and inspectors",,,,,,,,,0,80.37716042641848,71.99579379672569,1.0880818181818182,4
272,41409,Other professional occupations in social science,,,,,,,,,0,50.200564037024805,46.56886353465636,1.0855181818181818,10
273,62022,"Accommodation, travel, tourism and related services supervisors",,,,,,,,,0,98.79302309806161,90.82292137467343,1.0843545454545456,8
274,31110,Dentists,,,,,,,,,0,135.34550714015316,126.507171998694,1.0838181818181818,8
275,65102,"Store shelf stockers, clerks and order fillers",,,,,,,,,0,1321.985749319723,1227.3176832867932,1.0818363636363637,9
276,52114,Announcers and other broadcasters,,,,,,,,,0,57.09985448015084,53.3855925587227,1.0773000000000001,10
277,53121,"Actors, comedians and circus performers",,,,,,,,,0,57.82692891438043,54.03055876294743,1.0772090909090908,10
278,73311,Railway conductors and brakemen/women,,,,,,,,,0,65.76908132413365,61.27249080016886,1.076618181818182,10
279,94219,"Other products assemblers, finishers and inspectors",,,,,,,,,0,104.48960267060025,93.45101813603014,1.0721363636363637,3
280,14202,Collection clerks,,,,,,,,,0,45.88661894983271,43.37618901180966,1.0681454545454545,9
281,94132,Industrial sewing machine operators,,,,,,,,,0,42.292404388897836,38.89522726766325,1.0668636363636363,4
282,32100,Opticians,,,,,,,,,0,77.87145614856418,74.10128801265148,1.0640545454545454,7
283,73113,Floor covering installers,,,,,,,,,0,116.80757440066442,109.06894476463204,1.0639909090909092,5
284,73100,Concrete finishers,,,,,,,,,0,102.65174337044468,95.71014040885463,1.0625363636363636,5
285,42200,Paralegals and related occupations,,,,,,,,,0,191.65946456731845,176.52346251643357,1.0623090909090909,4
286,75212,Public works and maintenance labourers,,,,,,,,,0,163.8915791228208,154.78705941715126,1.0570363636363636,9
287,63220,Shoe repairers and shoemakers,,,,,,,,,0,-1.8413989291205581,4.865958423214522,1.053672727272727,8
288,95104,Labourers in rubber and plastic products manufacturing,,,,,,,,,0,31.830321689346007,30.677963341445487,1.0470727272727274,8
289,94150,Plateless printing equipment operators,,,,,,,,,0,33.11809334756658,31.808975354272196,1.045909090909091,10
290,72100,Machinists and machining and tooling inspectors,,,,,,,,,0,169.25456984675623,157.91195350254645,1.0453636363636365,3
291,12202,Insurance underwriters,,,,,,,,,0,118.41979008578774,113.14887023607825,1.0436363636363637,3
292,52113,Audio and video recording technicians,,,,,,,,,0,93.18992281900869,89.83536067600824,1.0394454545454546,9
293,40019,Other managers in public administration,,,,,,,,,0,98.47975226847694,94.41268686612199,1.0393636363636363,4
294,73402,"Drillers and blasters - surface mining, quarrying and construction",,,,,,,,,0,37.72384329832973,36.834795276238815,1.0393545454545454,10
295,73301,"Bus drivers, subway operators and other transit operators",,,,,,,,,0,854.5806290566336,803.4291310180339,1.0389727272727272,5
296,21231,Software engineers and designers,Above Average,3.0,4 years post-secondary,Highly valued,29.09,53.11,80.91,"Design, develop, and maintain software systems.",1,330.756282716632,319.592157950545,1.0318545454545456,5
297,53123,"Theatre, fashion, exhibit and other creative designers",,,,,,,,,0,49.20440481305313,48.528221152961684,1.028590909090909,7
298,92014,"Supervisors, forest products processing",,,,,,,,,0,36.94292318710672,36.55282323223507,1.021,7
299,22101,Geological and mineral technologists and technicians,,,,,,,,,0,96.76560828761271,95.299693092901,1.0191999999999999,7
300,21211,Data scientists,Warm,2.0,4 years post-secondary (Graduate preferred),Preferential,33.65,71.75,127.69,Explore large amounts of data to identify patterns.,1,108.39040871615079,105.05641149628619,1.0145272727272727,1
301,13111,Legal administrative assistants,,,,,,,,,0,361.167335788052,354.1293918699863,1.0091636363636363,4
302,73111,Glaziers,,,,,,,,,0,74.8351838931611,75.64047818441487,0.9927181818181818,5
303,73310,Railway and yard locomotive engineers,,,,,,,,,0,63.00945618944638,63.72092159493982,0.9883272727272728,8
304,70010,Construction managers,,,,,,,,,0,1042.0701309785156,1051.566534375294,0.9870909090909091,3
305,31204,Kinesiologists and other professional occupations in therapy and assessment,,,,,,,,,0,110.2795871297153,112.34619460150576,0.9849090909090908,5
306,65310,Light duty cleaners,,,,,,,,,0,1923.5686309618907,1940.1836578342297,0.9846818181818182,4
307,14403,Purchasing and inventory control workers,,,,,,,,,0,172.78656896463784,175.98665377789254,0.9826090909090909,5
308,50010,"Library, archive, museum and art gallery managers",,,,,,,,,0,60.65102239075886,62.18478585468422,0.9791818181818183,6
309,52110,Film and video camera operators,,,,,,,,,0,46.83310580725972,48.67540835076181,0.9706636363636363,5
310,70011,Home building and renovation managers,,,,,,,,,0,655.36051868556,673.633302381309,0.9692727272727272,3
311,43202,By-law enforcement and other regulatory officers,,,,,,,,,0,63.85200690545137,66.42861842960271,0.9643545454545456,3
312,75110,Construction trades helpers and labourers,,,,,,,,,0,1392.6516585573738,1433.5212059098776,0.9642363636363637,3
313,22310,Electrical and electronics engineering technologists and technicians,,,,,,,,,0,235.50065263797222,244.51295468667888,0.9604636363636363,3
314,14200,Accounting and related clerks,,,,,,,,,0,855.2355392467242,878.19195632619,0.9596636363636364,4
315,41221,Elementary school and kindergarten teachers,,,,,,,,,0,2701.330093359084,2812.9622076741575,0.9577727272727273,2
316,22311,Electronic service technicians (household and business equipment),,,,,,,,,0,346.53678155953446,361.8154452486827,0.9550909090909091,2
317,95101,Labourers in metal fabrication,,,,,,,,,0,69.00056568545348,72.30073480899307,0.9499636363636363,2
318,12201,Insurance adjusters and claims examiners,,,,,,,,,0,176.41967274415018,184.0359681853978,0.9485454545454545,3
319,43200,Sheriffs and bailiffs,,,,,,,,,0,50.73368381636521,53.87970104575168,0.9460454545454545,3
320,21221,Business systems specialists,,,,,,,,,0,218.95114503442394,231.90854266760607,0.9427,2
321,41400,"Natural and applied science policy researchers, consultants and program officers",,,,,,,,,0,341.9710350384775,362.23167552820524,0.9407545454545455,3
322,75119,Other trades helpers and labourers,,,,,,,,,0,85.71356421309007,91.742717649126,0.9393545454545454,1
323,21322,Metallurgical and materials engineers,,,,,,,,,0,45.59666380730176,48.899246390286066,0.935490909090909,1
324,21300,Civil engineers,,,,,,,,,0,689.7808958428212,737.5533355802602,0.9303363636363635,6
325,42101,Firefighters,,,,,,,,,0,274.3558992064294,294.97391333588973,0.9240272727272728,2
326,22214,Technical occupations in geomatics and meteorology,,,,,,,,,0,96.47994070427917,104.5944826125609,0.9222454545454546,2
327,62024,Cleaning supervisors,,,,,,,,,0,244.53841755576116,262.89647439961027,0.9189,4
328,94200,"Motor vehicle assemblers, inspectors and testers",,,,,,,,,0,40.619658846213675,44.596351096583255,0.9187363636363636,1
329,41407,Program officers unique to government,,,,,,,,,0,57.128923074909316,63.085502640229585,0.9089090909090909,0
330,12104,Employment insurance and revenue officers,,,,,,,,,0,165.76705069358624,180.53252978346052,0.9088454545454545,4
331,42201,Social and community service workers,,,,,,,,,0,1370.75339101966,1515.0098394880595,0.9064545454545455,0
332,41405,"Education policy researchers, consultants and program officers",,,,,,,,,0,172.65867880171342,194.1312063302201,0.9059636363636364,7
333,73200,Residential and commercial installers and servicers,,,,,,,,,0,407.39200500003227,447.15373542918405,0.9030545454545454,3
334,73101,Tilesetters,,,,,,,,,0,64.63082687267833,71.981971521067,0.9013636363636365,1
335,10012,Purchasing managers,,,,,,,,,0,168.78162359236674,187.7227320889216,0.8980181818181818,1
336,13110,Administrative assistants,,,,,,,,,0,1281.3285901105903,1424.1436375525163,0.8949363636363636,3
337,95100,Labourers in mineral and metal processing,,,,,,,,,0,40.89829295946753,45.95515911931158,0.8947454545454545,0
338,64310,Travel counsellors,,,,,,,,,0,106.19830774409593,119.36684276081748,0.8918727272727274,0
339,22301,Mechanical engineering technologists and technicians,,,,,,,,,0,148.75462731468403,167.09157756522498,0.8888363636363636,1
340,94105,Metalworking and forging machine operators,,,,,,,,,0,50.11969469745669,55.49911192039885,0.8863818181818182,2
341,12101,Human resources and recruitment officers,,,,,,,,,0,196.92327124610404,222.67889509547024,0.8832090909090908,0
342,74102,Couriers and messengers,,,,,,,,,0,205.29419193688202,232.78709128297467,0.8775272727272726,1
343,12203,"Assessors, business valuators and appraisers",,,,,,,,,0,95.24681793995548,108.77537318900453,0.8728818181818183,1
344,44200,Primary combat members of the Canadian Armed Forces,,,,,,,,,0,51.496704892428625,60.4050559455778,0.8718090909090909,3
345,22114,Landscape and horticulture technicians and specialists,,,,,,,,,0,153.8044294459473,176.30583570009023,0.8707272727272727,0
346,93101,"Central control and process operators, petroleum, gas and chemical processing",,,,,,,,,0,323.5190554934876,373.87049670422005,0.8669999999999999,2
347,21112,"Agricultural representatives, consultants and specialists",,,,,,,,,0,72.76721680594436,84.11900513229547,0.8652363636363636,0
348,21101,Chemists,,,,,,,,,0,106.48993187857637,123.06886398447718,0.8640090909090911,1
349,72311,Cabinetmakers,,,,,,,,,0,74.43269924151386,86.80228806092448,0.8608363636363637,0
350,13102,Payroll administrators,,,,,,,,,0,233.20008878363808,268.19361084546887,0.8594818181818181,3
351,90010,Manufacturing managers,,,,,,,,,0,345.99148764212305,393.27245487958027,0.8566454545454545,2
352,51110,Editors,,,,,,,,,0,90.25023988194168,105.6657633663272,0.8543909090909092,0
353,94110,Chemical plant machine operators,,,,,,,,,0,44.676931947654204,52.76305897719789,0.8534454545454545,2
354,10011,Human resources managers,,,,,,,,,0,288.7456429026174,338.60233429747956,0.8514181818181819,0
355,22220,Computer network and web technicians,,,,,,,,,0,313.83189699185914,368.8997951843201,0.8500090909090908,0
356,31120,Pharmacists,,,,,,,,,0,232.72045483933405,276.8110060462698,0.8499363636363636,0
357,73401,Printing press operators,,,,,,,,,0,46.99082459463281,54.81584648021621,0.8485909090909091,2
358,64400,Customer services representatives - financial institutions,,,,,,,,,0,330.9839619474579,389.3719295029867,0.8483818181818182,1
359,41101,Lawyers and Quebec notaries,,,,,,,,,0,725.7004543381282,851.80836429762,0.8476818181818182,0
360,21311,Computer engineers (except software engineers and designers),,,,,,,,,0,124.06454264569342,148.00384496878667,0.8379545454545454,0
361,94213,"Industrial painters, coaters and metal finishing process operators",,,,,,,,,0,79.06291608871476,92.30805742798314,0.8371,3
362,73112,Painters and decorators (except interior decorators),,,,,,,,,0,310.58559029811863,370.3241693983818,0.8341272727272727,2
363,90011,Utilities managers,,,,,,,,,0,128.49469326052966,154.8504304276035,0.8331181818181819,1
364,13100,Administrative officers,,,,,,,,,0,1472.3628672863763,1767.9375717858115,0.8278,0
365,65202,Meat cutters and fishmongers - retail and wholesale,,,,,,,,,0,48.548923424942444,60.01791429636073,0.8277,0
366,41220,Secondary school teachers,,,,,,,,,0,919.2972954371478,1117.1817603518937,0.8223363636363636,1
367,52121,Interior designers and interior decorators,,,,,,,,,0,236.3296753635812,286.7952625943388,0.8216181818181819,1
368,12200,Accounting technicians and bookkeepers,,,,,,,,,0,1115.9724813282364,1338.5117377524505,0.820609090909091,3
369,73201,General building maintenance workers and building superintendents,,,,,,,,,0,645.6561359840099,783.4766893309333,0.819790909090909,0
370,43204,Operations members of the Canadian Armed Forces,,,,,,,,,0,215.0990703775628,261.8896111840147,0.8185818181818182,0
371,13201,Production and transportation logistics coordinators,,,,,,,,,0,239.60312554038546,291.7132666022111,0.8172909090909091,1
372,43203,"Border services, customs, and immigration officers",,,,,,,,,0,45.539920672579406,56.42855306342217,0.810490909090909,0
373,94120,Sawmill machine operators,,,,,,,,,0,42.2280362606514,52.337018898195176,0.8044727272727272,0
374,42100,Police officers (except commissioned),,,,,,,,,0,529.2143016759767,655.6243933362069,0.8002181818181818,1
375,62023,Customer and information services supervisors,,,,,,,,,0,90.41193831714551,113.14455955747152,0.7971363636363636,0
376,14400,Shippers and receivers,,,,,,,,,0,442.70548382694363,547.7752372953571,0.7934727272727272,2
377,83100,Underground production and development miners,,,,,,,,,0,30.236521345375134,38.62894182231029,0.7921545454545454,1
378,53124,Artisans and craftspersons,,,,,,,,,0,110.49200535970809,140.43035858061177,0.7878000000000001,0
379,51100,Librarians,,,,,,,,,0,92.22538168276168,117.08103116070335,0.785409090909091,0
380,53201,Coaches,,,,,,,,,0,104.22992043907624,134.10052464971844,0.7852818181818182,0
381,51114,"Translators, terminologists and interpreters",,,,,,,,,0,58.042192323682045,74.19122834528375,0.7851727272727274,0
382,21110,Biologists and related scientists,,,,,,,,,0,214.76710850468746,274.3727029026152,0.7815818181818183,0
383,73209,Other repairers and servicers,,,,,,,,,0,95.74392175216018,123.21590176712843,0.7780090909090909,0
384,41402,Business development officers and market researchers and analysts,,,,,,,,,0,301.43355155176556,387.4879985414233,0.7762545454545454,0
385,64410,Security guards and related security service occupations,,,,,,,,,0,754.5472753412363,964.8692438272433,0.7755090909090909,0
386,92011,"Supervisors, petroleum, gas and chemical processing and utilities",,,,,,,,,0,130.43930853369304,170.11824207978157,0.7741454545454545,0
387,21202,Urban and land use planners,,,,,,,,,0,161.18053323415452,208.00434428823016,0.7730818181818182,0
388,22110,Biological technologists and technicians,,,,,,,,,0,49.838874937955055,64.74159338115453,0.7730727272727272,0
389,64409,Other customer and information services representatives,,,,,,,,,0,1172.6653302495408,1531.2695340253063,0.7639,0
390,80010,Managers in natural resources production and fishing,,,,,,,,,0,203.95385398200236,270.4782755352995,0.7636909090909092,1
391,14401,Storekeepers and partspersons,,,,,,,,,0,223.9794438554977,298.68918434637794,0.7511454545454547,0
392,41401,Economists and economic policy researchers and analysts,,,,,,,,,0,116.44564029827147,156.02823082591996,0.7476272727272728,0
393,64200,"Tailors, dressmakers, furriers and milliners",,,,,,,,,0,86.78823346144458,115.92440905765703,0.7435545454545455,0
394,63210,Hairstylists and barbers,,,,,,,,,0,668.6418087597242,901.971587481811,0.7382636363636362,0
395,10022,"Advertising, marketing and public relations managers",,,,,,,,,0,344.67337600196566,466.20734172021986,0.7382000000000001,0
396,52120,Graphic designers and illustrators,,,,,,,,,0,461.0378185997699,622.142009573591,0.7367545454545454,0
397,51112,Technical writers,,,,,,,,,0,52.76765249026136,72.32307075805294,0.7365090909090909,0
398,12102,Procurement and purchasing agents and officers,,,,,,,,,0,419.7885837487045,571.1507777470543,0.7341181818181819,0
399,60031,Accommodation service managers,,,,,,,,,0,324.9468989799137,442.27604843713084,0.7298272727272728,0
400,12100,Executive assistants,,,,,,,,,0,219.85597835519565,301.699775937797,0.7269272727272728,0
401,70012,Facility operation and maintenance managers,,,,,,,,,0,510.65319553330704,702.4238691775553,0.7239,0
402,21310,Electrical and electronics engineers,,,,,,,,,0,368.12953013708704,511.11219797017134,0.7189818181818182,0
403,65201,"Food counter attendants, kitchen helpers and related support occupations",,,,,,,,,0,2084.240771907912,2859.571920855374,0.7188727272727273,0
404,51111,Authors and writers (except technical),,,,,,,,,0,161.120255425778,225.36742456790336,0.7129181818181819,0
405,41200,University professors and lecturers,,,,,,,,,0,416.53802063296683,604.3941393201815,0.7075454545454545,0
406,73300,Transport truck drivers,,,,,,,,,0,2672.8043752123617,3811.540001270357,0.6910090909090909,2
407,52100,Library and public archive technicians,,,,,,,,,0,80.17174882727744,118.58623370724284,0.6864181818181818,0
408,63101,Real estate agents and salespersons,,,,,,,,,0,704.305853457284,1013.8214840633489,0.6855363636363636,0
409,51120,"Producers, directors, choreographers and related occupations",,,,,,,,,0,134.6388894483816,196.25931057842615,0.6846545454545455,0
410,50012,"Recreation, sports and fitness program and service directors",,,,,,,,,0,105.22713492508366,154.27199379815238,0.6840090909090909,0
411,40011,"Government managers - economic analysis, policy development and program administration",,,,,,,,,0,69.46363848536372,101.93752879554854,0.6820909090909091,0
412,73400,Heavy equipment operators,,,,,,,,,0,889.5579795016415,1278.7130374847604,0.6820363636363637,2
413,52119,"Other technical and coordinating occupations in motion pictures, broadcasting and the performing arts",,,,,,,,,0,107.7826887382321,158.7252849967304,0.6813636363636364,0
414,21320,Chemical engineers,,,,,,,,,0,185.10494891479217,272.17090615009255,0.6790727272727273,0
415,31100,Specialists in clinical and laboratory medicine,,,,,,,,,0,261.0410943040499,387.20649845886817,0.6748181818181819,0
416,43109,Other instructors,,,,,,,,,0,316.21201165190956,465.961401188041,0.6747181818181818,1
417,40030,"Managers in social, community and correctional services",,,,,,,,,0,307.8256645594202,460.0745326229764,0.6697454545454545,0
418,94143,"Testers and graders, food and beverage processing",,,,,,,,,0,43.79691525962373,65.09931754749898,0.6677181818181818,1
419,21120,Public and environmental health and safety professionals,,,,,,,,,0,179.8791364770457,270.04465181334945,0.666109090909091,0
420,73102,"Plasterers, drywall installers and finishers and lathers",,,,,,,,,0,201.65104526872835,303.6772926047596,0.6600909090909091,1
421,21301,Mechanical engineers,,,,,,,,,0,428.4409191996799,648.7952516300384,0.6590181818181818,0
422,92101,Water and waste treatment plant operators,,,,,,,,,0,84.6546082496364,129.6812881985115,0.6574636363636364,0
423,73110,Roofers and shinglers,,,,,,,,,0,133.59029973456802,203.47665959055112,0.6564272727272727,0
424,40010,Government managers - health and social policy development and program administration,,,,,,,,,0,56.397492859810455,87.25157197799389,0.6488545454545455,0
425,21102,Geoscientists and oceanographers,,,,,,,,,0,173.3790246470128,269.1598728183827,0.6443818181818183,0
426,41320,Educational counsellors,,,,,,,,,0,124.83324179584815,198.9505890159293,0.6439727272727273,0
427,70020,Managers in transportation,,,,,,,,,0,235.40300926917942,367.37169944879764,0.6403818181818182,0
428,40042,Commissioned officers of the Canadian Armed Forces,,,,,,,,,0,70.06273674781932,110.30390108264723,0.6391545454545455,0
429,20011,Architecture and science managers,,,,,,,,,0,83.86774764353123,132.37254324361317,0.6342636363636364,0
430,10019,Other administrative services managers,,,,,,,,,0,196.22647866287164,309.0280329136002,0.6331818181818182,0
431,20012,Computer and information systems managers,,,,,,,,,0,444.40970353467543,701.1127695622494,0.6327090909090909,0
432,80020,Managers in agriculture,,,,,,,,,0,1393.2486499496654,2165.5656791742736,0.6291272727272728,1
433,43201,Correctional service officers,,,,,,,,,0,140.4530531274765,223.01356781079846,0.6263636363636363,0
434,64314,Hotel front desk clerks,,,,,,,,,0,119.84929840291083,192.1575714772338,0.6263454545454545,0
435,63100,Insurance agents and brokers,,,,,,,,,0,555.0344674656773,880.1248855999125,0.6194909090909091,0
436,63211,"Estheticians, electrologists and related occupations",,,,,,,,,0,441.2514166201097,710.8813842166315,0.6177818181818182,0
437,64100,Retail salespersons and visual merchandisers,,,,,,,,,0,3598.994067591384,5841.452902784429,0.6176454545454546,0
438,60030,Restaurant and food service managers,,,,,,,,,0,1006.4359647770783,1625.0700324529978,0.6159545454545454,0
439,95106,Labourers in food and beverage processing,,,,,,,,,0,281.9957925505325,459.3748415856397,0.6062909090909091,1
440,60040,Managers in customer and personal services,,,,,,,,,0,244.72924932293589,401.7936600500261,0.6050818181818182,1
441,63202,Bakers,,,,,,,,,0,301.1532207121568,506.1966536157874,0.599909090909091,0
442,83110,Logging machinery operators,,,,,,,,,0,30.121013744285595,50.6925481741638,0.5962454545454545,0
443,20010,Engineering managers,,,,,,,,,0,297.7532516593139,511.1123547612211,0.5815545454545454,0
444,62200,Chefs,,,,,,,,,0,515.4309427458589,885.0620501269904,0.5794090909090909,0
445,94140,"Process control and machine operators, food and beverage processing",,,,,,,,,0,158.50265275472927,266.96082670452654,0.5773909090909091,1
446,62020,Food service supervisors,,,,,,,,,0,620.08980667848,1070.2139539503673,0.5709272727272727,0
447,41201,Post-secondary teaching and research assistants,,,,,,,,,0,412.5615548573518,747.0689352214421,0.5680272727272727,0
448,84120,Specialized livestock workers and farm machinery operators,,,,,,,,,0,217.54179855358524,382.6597722986082,0.5622909090909091,1
449,44100,Home child care providers,,,,,,,,,0,530.1631938372517,944.0877803643402,0.5610181818181817,0
450,62101,Retail and wholesale buyers,,,,,,,,,0,195.24779533479634,351.9775601993775,0.5552181818181818,0
451,43100,Elementary and secondary school teacher assistants,,,,,,,,,0,1415.5920432248763,2557.104855669567,0.5545363636363636,1
452,62010,Retail sales supervisors,,,,,,,,,0,712.6532721383608,1325.630399237756,0.5396818181818182,0
453,40020,Administrators - post-secondary education and vocational training,,,,,,,,,0,127.25853354285904,244.4734646344419,0.5294545454545454,0
454,62100,Technical sales specialists - wholesale trade,,,,,,,,,0,578.3077284515281,1091.7159407233196,0.5276636363636364,0
455,94141,"Industrial butchers and meat cutters, poultry preparers and related workers",,,,,,,,,0,150.15980694732255,288.978194903453,0.5018090909090909,1
456,92100,Power engineers and power systems operators,,,,,,,,,0,305.840965258868,613.532730105556,0.4964636363636364,0
457,51122,Musicians and singers,,,,,,,,,0,247.68178975611133,511.61274703915353,0.4866363636363636,0
458,95109,"Other labourers in processing, manufacturing and utilities",,,,,,,,,0,204.60734972773523,420.67124911014685,0.4862181818181818,0
459,63200,Cooks,,,,,,,,,0,968.844816433709,1970.2320470319248,0.4860545454545455,0
460,65210,"Support occupations in accommodation, travel and facilities set-up services",,,,,,,,,0,3.0247545695751628,6.8278081681443155,0.48553636363636365,5
461,60010,Corporate sales managers,,,,,,,,,0,368.8996970581984,775.8330980933341,0.4739090909090909,0
462,14301,"Correspondence, publication and regulatory clerks",,,,,,,,,0,62.709378609116335,143.219441325636,0.45084545454545455,0
463,65311,Specialized cleaners,,,,,,,,,0,154.30737888705423,357.8914792827341,0.44939090909090906,0
464,40021,School principals and administrators of elementary and secondary education,,,,,,,,,0,235.06932528151236,554.7534026946537,0.4300181818181818,0
465,60020,Retail and wholesale trade managers,,,,,,,,,0,2306.5953975545194,5390.076997419053,0.4285909090909091,0
466,65109,Other sales related occupations,,,,,,,,,0,91.69836108876463,227.93051726032635,0.42522727272727273,0
467,45100,"Student monitors, crossing guards and related occupations",,,,,,,,,0,109.30947563307318,270.7129068783513,0.4056272727272727,0
468,65100,Cashiers,,,,,,,,,0,919.7754128752455,2491.398971597148,0.3835909090909091,0
469,65200,Food and beverage servers,,,,,,,,,0,149.55253169526216,406.9598155721588,0.3708272727272728,1
470,53120,Dancers,,,,,,,,,0,76.64647234424406,215.80381817200322,0.35504545454545455,0
471,83101,"Oil and gas well drillers, servicers, testers and related workers",,,,,,,,,0,134.11848985016124,401.6619954129208,0.3382909090909091,0
472,92015,"Supervisors, textile, fabric, fur and leather products processing and manufacturing",,,,,,,,,0,26.348014301213915,0.784953704898017,0.3282000000000002,11
473,14112,Desktop publishing operators and related occupations,,,,,,,,,0,0.9237505649781287,3.7760890468816055,0.3258181818181818,0
474,74200,Railway yard and track maintenance workers,,,,,,,,,0,45.28663240308134,140.36546941327362,0.32257272727272723,0
475,14100,General office support workers,,,,,,,,,0,376.31464723590403,1175.319191934679,0.3204818181818182,0
476,65320,"Dry cleaning, laundry and related occupations",,,,,,,,,0,38.11897837325049,128.52929003684605,0.3058727272727273,0
477,14300,Library assistants and clerks,,,,,,,,,0,22.598553503150356,83.01413279297667,0.2709727272727273,0
478,63102,Financial sales representatives,,,,,,,,,0,121.74203435265942,663.0669318415651,0.17882727272727272,0
479,65312,"Janitors, caretakers and heavy-duty cleaners",,,,,,,,,0,84.2182858274315,993.329454586242,0.11359090909090909,0
480,14102,Personnel clerks,,,,,,,,,0,3.4671238819289028,43.405720906808504,0.07682727272727273,0
481,63201,Butchers - retail and wholesale,,,,,,,,,0,3.6574367653082125,63.010521997335225,0.06416363636363637,0
482,14101,Receptionists,,,,,,,,,0,-20.788074644738742,854.6639817506929,-0.0334090909090909,0
483,65329,Other service support occupations,,,,,,,,,0,-43.18897554435223,103.58626940427729,-0.3806727272727273,0
484,85101,Harvesting labourers,,,,,,,,,0,54.16602747655772,-113.87200417362537,-0.5183090909090909,11
485,65229,Other support occupations in personal services,,,,,,,,,0,-10.11956375346202,16.422707918545925,-0.7422454545454545,1
486,14103,Court clerks and related court services occupations,,,,,,,,,0,-41.239357510123504,28.780554819459713,-1.2408181818181818,1
487,21103,Meteorologists and climatologists,,,,,,,,,0,35.771730381245156,1.0968049083648987,-1.8758181818181812,11
488,85110,Mine labourers,,,,,,,,,0,32.441442533666105,-15.148893197334793,-2.1117545454545454,11
489,72020,"Contractors and supervisors, mechanic trades",,,,,,,,,0,302.56214887079216,28.91413475789593,-2.195327272727272,11
490,93200,Aircraft assemblers and aircraft assembly inspectors,,,,,,,,,0,21.944173502426974,-6.038512846644983,-4.042227272727273,11
491,72024,"Supervisors, motor transport and other ground transit operators",,,,,,,,,0,218.70883520805847,-14.77558002116952,-4.165463636363636,11
492,74205,Public works maintenance equipment operators and related workers,,,,,,,,,0,178.27019768892225,12.13948019956136,-4.181954545454546,11
493,82020,"Supervisors, mining and quarrying",,,,,,,,,0,83.59202464903191,-8.032819530837678,-4.413881818181818,10
494,92023,"Supervisors, other mechanical and metal products manufacturing",,,,,,,,,0,56.465670511709156,3.7783177130457237,-5.539809090909091,11
495,94212,"Plastic products assemblers, finishers and inspectors",,,,,,,,,0,32.80027866096406,3.114944666019186,-6.319354545454545,11
496,64313,"Ground and water transport ticket agents, cargo service representatives and related clerks",,,,,,,,,0,38.428775157398476,-4.14254881767222,-6.913181818181818,11
497,94142,Fish and seafood plant workers,,,,,,,,,0,18.79193907741597,0.7824278125375712,-7.917845454545452,11
498,53125,"Patternmakers - textile, leather and fur products",,,,,,,,,0,25.15890146276988,-3.871578726020587,-8.232427272727273,11
499,21399,Other professional engineers,,,,,,,,,0,206.96328104399993,-49.223159383182086,-8.755381818181817,11
500,80022,Managers in aquaculture,,,,,,,,,0,19.939949021590216,0.4746412522305967,-10.846154545454546,11
501,85102,Aquaculture and marine harvest labourers,,,,,,,,,0,17.442876233851674,-1.545526382380798,-10.885890909090909,10
502,93102,"Pulping, papermaking and coating control operators",,,,,,,,,0,20.263711694630604,0.6969533281404235,-11.156718181818183,11
503,72602,"Deck officers, water transport",,,,,,,,,0,22.675566165310734,1.141173352353819,-12.567181818181819,11
504,95107,Labourers in fish and seafood processing,,,,,,,,,0,18.860511096912038,-0.6971754095356922,-13.181672727272728,11
505,84121,Fishing vessel deckhands,,,,,,,,,0,20.767917109216437,-1.3539475695383236,-20.540981818181816,11
506,84100,Underground mine service and support workers,,,,,,,,,0,24.096850975441647,1.2443587710396835,-26.838800000000003,10
507,83120,Fishing masters and officers,,,,,,,,,0,18.069119335509644,-0.9438458135733913,-34.19146,10
508,92020,"Supervisors, motor vehicle assembling",,,,,,,,,0,22.48725875580274,1.4548967769089858,-49.735336363636364,11
509,72022,"Supervisors, printing and related occupations",,,,,,,,,0,55.06709842392889,-10.557590915737002,-77.08982727272726,11
510,72420,Oil and solid fuel heating mechanics,,,,,,,,,0,24.567616172160346,-0.4620740678438653,-105.47773636363635,11
511,31112,Audiologists and speech-language pathologists,,,,,,,,,0,288.26978586537916,25.674716130854264,-134.69758181818182,11
512,85104,Trappers and hunters,,,,,,,,,0,22.212174331288796,-0.7811124466696082,-155.68089090909092,11
513,31209,Other professional occupations in health diagnosing and treating,,,,,,,,,0,83.73272108403168,6.506499264031049,-467.87059999999997,11
